Setor;Subsetor;Segmento;Codigo;Nome;Cod_Clase;Classe;
Petróleo, Gás e Biocombustíveis;Petróleo, Gás e Biocombustíveis;Exploração, Refino e Distribuição;RRRP;3R PETROLEUM;NM;(NM) Novo Mercado;
Petróleo, Gás e Biocombustíveis;Petróleo, Gás e Biocombustíveis;Exploração, Refino e Distribuição;CSAN;COSAN       ;NM;(NM) Novo Mercado;
Petróleo, Gás e Biocombustíveis;Petróleo, Gás e Biocombustíveis;Exploração, Refino e Distribuição;DMMO;DOMMO;Null;Null;
Petróleo, Gás e Biocombustíveis;Petróleo, Gás e Biocombustíveis;Exploração, Refino e Distribuição;ENAT;ENAUTA PART;NM;(NM) Novo Mercado;
Petróleo, Gás e Biocombustíveis;Petróleo, Gás e Biocombustíveis;Exploração, Refino e Distribuição;RPMG;PET MANGUINH;Null;Null;
Petróleo, Gás e Biocombustíveis;Petróleo, Gás e Biocombustíveis;Exploração, Refino e Distribuição;PETR;PETROBRAS   ;N2;(N2) Nível 2 de Governança Corporativa;
Petróleo, Gás e Biocombustíveis;Petróleo, Gás e Biocombustíveis;Exploração, Refino e Distribuição;BRDT;PETROBRAS BR;NM;(NM) Novo Mercado;
Petróleo, Gás e Biocombustíveis;Petróleo, Gás e Biocombustíveis;Exploração, Refino e Distribuição;RECV;PETRORECSA ;NM;(NM) Novo Mercado;
Petróleo, Gás e Biocombustíveis;Petróleo, Gás e Biocombustíveis;Exploração, Refino e Distribuição;PRIO;PETRORIO;NM;(NM) Novo Mercado;
Petróleo, Gás e Biocombustíveis;Petróleo, Gás e Biocombustíveis;Exploração, Refino e Distribuição;UGPA;ULTRAPAR    ;NM;(NM) Novo Mercado;
Petróleo, Gás e Biocombustíveis;Petróleo, Gás e Biocombustíveis;Equipamentos e Serviços;LUPA;LUPATECH    ;NM;(NM) Novo Mercado;
Petróleo, Gás e Biocombustíveis;Petróleo, Gás e Biocombustíveis;Equipamentos e Serviços;OPCT;OCEANPACT;NM;(NM) Novo Mercado;
Petróleo, Gás e Biocombustíveis;Petróleo, Gás e Biocombustíveis;Equipamentos e Serviços;OSXB;OSX BRASIL  ;NM;(NM) Novo Mercado;
Materiais Básicos;Mineração;Minerais Metálicos;BRAP;BRADESPAR   ;N1;(N1) Nível 1 de Governança Corporativa;
Materiais Básicos;Mineração;Minerais Metálicos;CMIN;CSNMINERACAO;N2;(N2) Nível 2 de Governança Corporativa;
Materiais Básicos;Mineração;Minerais Metálicos;LTEL;LITEL       ;MB;(MB) Balcão Organizado Tradicional;
Materiais Básicos;Mineração;Minerais Metálicos;LTLA;LITELA;MB;(MB) Balcão Organizado Tradicional;
Materiais Básicos;Mineração;Minerais Metálicos;MMXM;MMX MINER   ;NM;(NM) Novo Mercado;
Materiais Básicos;Mineração;Minerais Metálicos;VALE;VALE        ;NM;(NM) Novo Mercado;
Materiais Básicos;Mineração;Minerais Metálicos;AURA;Aura Minerals;DR3;(DR3) BDR Nível 3;
Materiais Básicos;Siderurgia e Metalurgia;Siderurgia;FESA;FERBASA     ;N1;(N1) Nível 1 de Governança Corporativa;
Materiais Básicos;Siderurgia e Metalurgia;Siderurgia;GGBR;GERDAU      ;N1;(N1) Nível 1 de Governança Corporativa;
Materiais Básicos;Siderurgia e Metalurgia;Siderurgia;GOAU;GERDAU MET  ;N1;(N1) Nível 1 de Governança Corporativa;
Materiais Básicos;Siderurgia e Metalurgia;Siderurgia;CSNA;SID NACIONAL;Null;Null;
Materiais Básicos;Siderurgia e Metalurgia;Siderurgia;USIM;USIMINAS    ;N1;(N1) Nível 1 de Governança Corporativa;
Materiais Básicos;Siderurgia e Metalurgia;Artefatos de Ferro e Aço;MGEL;MANGELS INDL;Null;Null;
Materiais Básicos;Siderurgia e Metalurgia;Artefatos de Ferro e Aço;PATI;PANATLANTICA;Null;Null;
Materiais Básicos;Siderurgia e Metalurgia;Artefatos de Ferro e Aço;TKNO;TEKNO       ;Null;Null;
Materiais Básicos;Siderurgia e Metalurgia;Artefatos de Cobre;PMAM;PARANAPANEMA;NM;(NM) Novo Mercado;
Materiais Básicos;Químicos;Petroquímicos;BRKM;BRASKEM     ;N1;(N1) Nível 1 de Governança Corporativa;
Materiais Básicos;Químicos;Petroquímicos;GPCP;GPC PART    ;Null;Null;
Materiais Básicos;Químicos;Fertilizantes e Defensivos;FHER;FER HERINGER;NM;(NM) Novo Mercado;
Materiais Básicos;Químicos;Fertilizantes e Defensivos;NUTR;NUTRIPLANT  ;MA;(MA) Bovespa Mais;
Materiais Básicos;Químicos;Químicos Diversos;CRPG;CRISTAL;Null;Null;
Materiais Básicos;Químicos;Químicos Diversos;UNIP;UNIPAR      ;Null;Null;
Materiais Básicos;Madeira e Papel;Madeira;DTEX;DURATEX     ;NM;(NM) Novo Mercado;
Materiais Básicos;Madeira e Papel;Madeira;EUCA;EUCATEX     ;N1;(N1) Nível 1 de Governança Corporativa;
Materiais Básicos;Madeira e Papel;Papel e Celulose;RANI;IRANI ;Null;Null;
Materiais Básicos;Madeira e Papel;Papel e Celulose;KLBN;KLABIN S/A  ;N2;(N2) Nível 2 de Governança Corporativa;
Materiais Básicos;Madeira e Papel;Papel e Celulose;MSPA;MELHOR SP   ;Null;Null;
Materiais Básicos;Madeira e Papel;Papel e Celulose;NEMO;SUZANO HOLD ;Null;Null;
Materiais Básicos;Madeira e Papel;Papel e Celulose;SUZB;SUZANO S.A.;NM;(NM) Novo Mercado;
Materiais Básicos;Embalagens;Embalagens;MTIG;METAL IGUACU;Null;Null;
Materiais Básicos;Materiais Diversos;Materiais Diversos;SNSY;SANSUY      ;Null;Null;
Bens Industriais;Construção e Engenharia;Produtos para Construção;ETER;ETERNIT     ;NM;(NM) Novo Mercado;
Bens Industriais;Construção e Engenharia;Produtos para Construção;HAGA;HAGA S/A    ;Null;Null;
Bens Industriais;Construção e Engenharia;Produtos para Construção;PTBL;PORTOBELLO  ;NM;(NM) Novo Mercado;
Bens Industriais;Construção e Engenharia;Construção Pesada;AZEV;AZEVEDO     ;Null;Null;
Bens Industriais;Construção e Engenharia;Engenharia Consultiva;SOND;SONDOTECNICA;Null;Null;
Bens Industriais;Construção e Engenharia;Engenharia Consultiva;TCNO;TECNOSOLO   ;Null;Null;
Bens Industriais;Construção e Engenharia;Serviços Diversos;MILS;MILLS       ;NM;(NM) Novo Mercado;
Bens Industriais;Material de Transporte;Material Aeronáutico e de Defesa;EMBR;EMBRAER     ;NM;(NM) Novo Mercado;
Bens Industriais;Material de Transporte;Material Rodoviário;FRAS;FRAS-LE     ;N1;(N1) Nível 1 de Governança Corporativa;
Bens Industriais;Material de Transporte;Material Rodoviário;POMO;MARCOPOLO   ;N2;(N2) Nível 2 de Governança Corporativa;
Bens Industriais;Material de Transporte;Material Rodoviário;RAPT;RANDON PART ;N1;(N1) Nível 1 de Governança Corporativa;
Bens Industriais;Material de Transporte;Material Rodoviário;RCSL;RECRUSUL    ;Null;Null;
Bens Industriais;Material de Transporte;Material Rodoviário;RSUL;RIOSULENSE  ;Null;Null;
Bens Industriais;Material de Transporte;Material Rodoviário;TUPY;TUPY        ;NM;(NM) Novo Mercado;
Bens Industriais;Material de Transporte;Material Rodoviário;MWET;WETZEL S/A  ;Null;Null;
Bens Industriais;Máquinas e Equipamentos;Motores, Compressores e Outros;SHUL;SCHULZ      ;Null;Null;
Bens Industriais;Máquinas e Equipamentos;Motores, Compressores e Outros;WEGE;WEG         ;NM;(NM) Novo Mercado;
Bens Industriais;Máquinas e Equipamentos;Máq. e Equip. Industriais;EALT;ACO ALTONA  ;Null;Null;
Bens Industriais;Máquinas e Equipamentos;Máq. e Equip. Industriais;AERI;AERIS;NM;(NM) Novo Mercado;
Bens Industriais;Máquinas e Equipamentos;Máq. e Equip. Industriais;BDLL;BARDELLA    ;Null;Null;
Bens Industriais;Máquinas e Equipamentos;Máq. e Equip. Industriais;ROMI;INDS ROMI   ;NM;(NM) Novo Mercado;
Bens Industriais;Máquinas e Equipamentos;Máq. e Equip. Industriais;INEP;INEPAR      ;Null;Null;
Bens Industriais;Máquinas e Equipamentos;Máq. e Equip. Industriais;KEPL;KEPLER WEBER;Null;Null;
Bens Industriais;Máquinas e Equipamentos;Máq. e Equip. Industriais;FRIO;METALFRIO   ;NM;(NM) Novo Mercado;
Bens Industriais;Máquinas e Equipamentos;Máq. e Equip. Industriais;NORD;NORDON MET  ;Null;Null;
Bens Industriais;Máquinas e Equipamentos;Máq. e Equip. Industriais;PTCA;PRATICA;M2;(M2) Bovespa Mais - Nível 2;
Bens Industriais;Máquinas e Equipamentos;Máq. e Equip. Construção e Agrícolas;MTSA;METISA      ;Null;Null;
Bens Industriais;Máquinas e Equipamentos;Máq. e Equip. Construção e Agrícolas;STTR;STARA;MA;(MA) Bovespa Mais;
Bens Industriais;Máquinas e Equipamentos;Armas e Munições;TASA;TAURUS ARMAS;N2;(N2) Nível 2 de Governança Corporativa;
Bens Industriais;Transporte;Transporte Aéreo;AZUL;AZUL;N2;(N2) Nível 2 de Governança Corporativa;
Bens Industriais;Transporte;Transporte Aéreo;GOLL;GOL         ;N2;(N2) Nível 2 de Governança Corporativa;
Bens Industriais;Transporte;Transporte Ferroviário;FRRN;ALL NORTE   ;MB;(MB) Balcão Organizado Tradicional;
Bens Industriais;Transporte;Transporte Ferroviário;GASC;ALL PAULISTA;MB;(MB) Balcão Organizado Tradicional;
Bens Industriais;Transporte;Transporte Ferroviário;RLOG;COSAN LOG;NM;(NM) Novo Mercado;
Bens Industriais;Transporte;Transporte Ferroviário;VSPT;FER C ATLANT;Null;Null;
Bens Industriais;Transporte;Transporte Ferroviário;MRSA;MRS LOGIST  ;MB;(MB) Balcão Organizado Tradicional;
Bens Industriais;Transporte;Transporte Ferroviário;RAIL;RUMO S.A.;NM;(NM) Novo Mercado;
Bens Industriais;Transporte;Transporte Hidroviário;HBSA;HIDROVIAS;NM;(NM) Novo Mercado;
Bens Industriais;Transporte;Transporte Hidroviário;LOGN;LOG-IN      ;NM;(NM) Novo Mercado;
Bens Industriais;Transporte;Transporte Hidroviário;LUXM;TREVISA     ;Null;Null;
Bens Industriais;Transporte;Transporte Rodoviário;JSLG;JSL         ;NM;(NM) Novo Mercado;
Bens Industriais;Transporte;Transporte Rodoviário;TGMA;TEGMA       ;NM;(NM) Novo Mercado;
Bens Industriais;Transporte;Exploração de Rodovias;ANHB;AUTOBAN     ;Null;Null;
Bens Industriais;Transporte;Exploração de Rodovias;CCRO;CCR SA      ;NM;(NM) Novo Mercado;
Bens Industriais;Transporte;Exploração de Rodovias;RPTA;CONC RAPOSO ;Null;Null;
Bens Industriais;Transporte;Exploração de Rodovias;CRTE;CONC RIO TER;MB;(MB) Balcão Organizado Tradicional;
Bens Industriais;Transporte;Exploração de Rodovias;ERDV;ECON        ;Null;Null;
Bens Industriais;Transporte;Exploração de Rodovias;ASCP;ECOPISTAS   ;Null;Null;
Bens Industriais;Transporte;Exploração de Rodovias;ECOR;ECORODOVIAS ;NM;(NM) Novo Mercado;
Bens Industriais;Transporte;Exploração de Rodovias;ECOV;ECOVIAS     ;Null;Null;
Bens Industriais;Transporte;Exploração de Rodovias;COLN;ROD COLINAS ;Null;Null;
Bens Industriais;Transporte;Exploração de Rodovias;RDVT;ROD TIETE   ;Null;Null;
Bens Industriais;Transporte;Exploração de Rodovias;CRBD;RT BANDEIRAS;Null;Null;
Bens Industriais;Transporte;Exploração de Rodovias;TRIA;TRIANGULOSOL;Null;Null;
Bens Industriais;Transporte;Exploração de Rodovias;TPIS;TRIUNFO PART;NM;(NM) Novo Mercado;
Bens Industriais;Transporte;Exploração de Rodovias;VOES;VIAOESTE    ;Null;Null;
Bens Industriais;Transporte;Serviços de Apoio e Armazenagem;AGRU;GRUAIRPORT;MB;(MB) Balcão Organizado Tradicional;
Bens Industriais;Transporte;Serviços de Apoio e Armazenagem;PSVM;PORTO VM;Null;Null;
Bens Industriais;Transporte;Serviços de Apoio e Armazenagem;IVPR;INVEPAR     ;MB;(MB) Balcão Organizado Tradicional;
Bens Industriais;Transporte;Serviços de Apoio e Armazenagem;SAIP;SALUS INFRA;Null;Null;
Bens Industriais;Transporte;Serviços de Apoio e Armazenagem;STBP;SANTOS BRP  ;N2;(N2) Nível 2 de Governança Corporativa;
Bens Industriais;Transporte;Serviços de Apoio e Armazenagem;WSON;WILSON SONS ;DR3;(DR3) BDR Nível 3;
Bens Industriais;Serviços Diversos;Serviços Diversos;ATMP;ATMASA;NM;(NM) Novo Mercado;
Bens Industriais;Serviços Diversos;Serviços Diversos;BBML;BBMLOGISTICA;MA;(MA) Bovespa Mais;
Bens Industriais;Serviços Diversos;Serviços Diversos;DTCY;DTCOM-DIRECT;Null;Null;
Bens Industriais;Serviços Diversos;Serviços Diversos;ALPK;ESTAPAR;NM;(NM) Novo Mercado;
Bens Industriais;Serviços Diversos;Serviços Diversos;FLEX;FLEX S/A;MA;(MA) Bovespa Mais;
Bens Industriais;Serviços Diversos;Serviços Diversos;GGPS;GPS;NM;(NM) Novo Mercado;
Bens Industriais;Serviços Diversos;Serviços Diversos;PRNR;PRINER;MA;(MA) Bovespa Mais;
Bens Industriais;Serviços Diversos;Serviços Diversos;SEQL;SEQUOIA LOG;NM;(NM) Novo Mercado;
Bens Industriais;Serviços Diversos;Serviços Diversos;VLID;VALID       ;NM;(NM) Novo Mercado;
Bens Industriais;Comércio;Material de Transporte;BTTL;BATTISTELLA ;Null;Null;
Bens Industriais;Comércio;Material de Transporte;MMAQ;MINASMAQUINA;Null;Null;
Bens Industriais;Comércio;Material de Transporte;WLMM;WLM IND COM ;Null;Null;
Consumo não Cíclico;Agropecuária;Agricultura;APTI;ALIPERTI    ;Null;Null;
Consumo não Cíclico;Agropecuária;Agricultura;SOJA;BOA SAFRA;NM;(NM) Novo Mercado;
Consumo não Cíclico;Agropecuária;Agricultura;AGRO;BRASILAGRO  ;NM;(NM) Novo Mercado;
Consumo não Cíclico;Agropecuária;Agricultura;FRTA;POMIFRUTAS;NM;(NM) Novo Mercado;
Consumo não Cíclico;Agropecuária;Agricultura;SLCE;SLC AGRICOLA;NM;(NM) Novo Mercado;
Consumo não Cíclico;Agropecuária;Agricultura;TESA;TERRA SANTA;NM;(NM) Novo Mercado;
Consumo não Cíclico;Alimentos Processados;Açucar e Alcool;BSEV;BIOSEV;NM;(NM) Novo Mercado;
Consumo não Cíclico;Alimentos Processados;Açucar e Alcool;JALL;JALLESMACHAD;NM;(NM) Novo Mercado;
Consumo não Cíclico;Alimentos Processados;Açucar e Alcool;RESA;RAIZEN ENERG;Null;Null;
Consumo não Cíclico;Alimentos Processados;Açucar e Alcool;SMTO;SAO MARTINHO;NM;(NM) Novo Mercado;
Consumo não Cíclico;Alimentos Processados;Carnes e Derivados;BRFS;BRF SA   ;NM;(NM) Novo Mercado;
Consumo não Cíclico;Alimentos Processados;Carnes e Derivados;BAUH;EXCELSIOR   ;Null;Null;
Consumo não Cíclico;Alimentos Processados;Carnes e Derivados;JBSS;JBS         ;NM;(NM) Novo Mercado;
Consumo não Cíclico;Alimentos Processados;Carnes e Derivados;MRFG;MARFRIG     ;NM;(NM) Novo Mercado;
Consumo não Cíclico;Alimentos Processados;Carnes e Derivados;BEEF;MINERVA     ;NM;(NM) Novo Mercado;
Consumo não Cíclico;Alimentos Processados;Carnes e Derivados;MNPR;MINUPAR     ;Null;Null;
Consumo não Cíclico;Alimentos Processados;Alimentos Diversos;CAML;CAMIL;NM;(NM) Novo Mercado;
Consumo não Cíclico;Alimentos Processados;Alimentos Diversos;JMCD;J.MACEDO    ;Null;Null;
Consumo não Cíclico;Alimentos Processados;Alimentos Diversos;JOPA;JOSAPAR     ;Null;Null;
Consumo não Cíclico;Alimentos Processados;Alimentos Diversos;MDIA;M.DIASBRANCO;NM;(NM) Novo Mercado;
Consumo não Cíclico;Alimentos Processados;Alimentos Diversos;ODER;ODERICH     ;Null;Null;
Consumo não Cíclico;Bebidas;Cervejas e Refrigerantes;ABEV;AMBEV S/A;Null;Null;
Consumo não Cíclico;Produtos de Uso Pessoal e de Limpeza;Produtos de Uso Pessoal;NTCO;GRUPO NATURA      ;NM;(NM) Novo Mercado;
Consumo não Cíclico;Produtos de Uso Pessoal e de Limpeza;Produtos de Limpeza;BOBR;BOMBRIL     ;Null;Null;
Consumo não Cíclico;Comércio e Distribuição;Alimentos;ASAI;ASSAI;NM;(NM) Novo Mercado;
Consumo não Cíclico;Comércio e Distribuição;Alimentos;CRFB;CARREFOUR BR;NM;(NM) Novo Mercado;
Consumo não Cíclico;Comércio e Distribuição;Alimentos;GMAT;GRUPO MATEUS;NM;(NM) Novo Mercado;
Consumo não Cíclico;Comércio e Distribuição;Alimentos;PCAR;P.ACUCAR-CBD;N1;(N1) Nível 1 de Governança Corporativa;
Consumo Cíclico;Construção Civil;Incorporações;AVLL;ALPHAVILLE;NM;(NM) Novo Mercado;
Consumo Cíclico;Construção Civil;Incorporações;CALI;CONST A LIND;Null;Null;
Consumo Cíclico;Construção Civil;Incorporações;CRDE;CR2         ;NM;(NM) Novo Mercado;
Consumo Cíclico;Construção Civil;Incorporações;CURY;CURY S/A;NM;(NM) Novo Mercado;
Consumo Cíclico;Construção Civil;Incorporações;CYRE;CYRELA REALT;NM;(NM) Novo Mercado;
Consumo Cíclico;Construção Civil;Incorporações;DIRR;DIRECIONAL  ;NM;(NM) Novo Mercado;
Consumo Cíclico;Construção Civil;Incorporações;EVEN;EVEN        ;NM;(NM) Novo Mercado;
Consumo Cíclico;Construção Civil;Incorporações;EZTC;EZTEC       ;NM;(NM) Novo Mercado;
Consumo Cíclico;Construção Civil;Incorporações;GFSA;GAFISA      ;NM;(NM) Novo Mercado;
Consumo Cíclico;Construção Civil;Incorporações;HBOR;HELBOR      ;NM;(NM) Novo Mercado;
Consumo Cíclico;Construção Civil;Incorporações;INNT;INTER SA ;MA;(MA) Bovespa Mais;
Consumo Cíclico;Construção Civil;Incorporações;JHSF;JHSF PART   ;NM;(NM) Novo Mercado;
Consumo Cíclico;Construção Civil;Incorporações;JFEN;JOAO FORTES ;Null;Null;
Consumo Cíclico;Construção Civil;Incorporações;KLAS;KALLAS;Null;Null;
Consumo Cíclico;Construção Civil;Incorporações;LAVV;LAVVI;NM;(NM) Novo Mercado;
Consumo Cíclico;Construção Civil;Incorporações;MELK;MELNICK;NM;(NM) Novo Mercado;
Consumo Cíclico;Construção Civil;Incorporações;MTRE;MITRE REALTY;NM;(NM) Novo Mercado;
Consumo Cíclico;Construção Civil;Incorporações;MDNE;MOURA DUBEUX;NM;(NM) Novo Mercado;
Consumo Cíclico;Construção Civil;Incorporações;MRVE;MRV         ;NM;(NM) Novo Mercado;
Consumo Cíclico;Construção Civil;Incorporações;PDGR;PDG REALT   ;NM;(NM) Novo Mercado;
Consumo Cíclico;Construção Civil;Incorporações;PLPL;PLANOEPLANO;NM;(NM) Novo Mercado;
Consumo Cíclico;Construção Civil;Incorporações;RDNI;RNI;NM;(NM) Novo Mercado;
Consumo Cíclico;Construção Civil;Incorporações;RSID;ROSSI RESID ;NM;(NM) Novo Mercado;
Consumo Cíclico;Construção Civil;Incorporações;TCSA;TECNISA     ;NM;(NM) Novo Mercado;
Consumo Cíclico;Construção Civil;Incorporações;TEGA;TEGRA INCORP;Null;Null;
Consumo Cíclico;Construção Civil;Incorporações;TEND;TENDA;NM;(NM) Novo Mercado;
Consumo Cíclico;Construção Civil;Incorporações;TRIS;TRISUL      ;NM;(NM) Novo Mercado;
Consumo Cíclico;Construção Civil;Incorporações;VIVR;VIVER       ;NM;(NM) Novo Mercado;
Consumo Cíclico;Tecidos, Vestuário e Calçados;Fios e Tecidos;CEDO;CEDRO       ;N1;(N1) Nível 1 de Governança Corporativa;
Consumo Cíclico;Tecidos, Vestuário e Calçados;Fios e Tecidos;CTNM;COTEMINAS   ;Null;Null;
Consumo Cíclico;Tecidos, Vestuário e Calçados;Fios e Tecidos;DOHL;DOHLER      ;Null;Null;
Consumo Cíclico;Tecidos, Vestuário e Calçados;Fios e Tecidos;ECPR;ENCORPAR    ;Null;Null;
Consumo Cíclico;Tecidos, Vestuário e Calçados;Fios e Tecidos;CATA;IND CATAGUAS;Null;Null;
Consumo Cíclico;Tecidos, Vestuário e Calçados;Fios e Tecidos;CTKA;KARSTEN     ;Null;Null;
Consumo Cíclico;Tecidos, Vestuário e Calçados;Fios e Tecidos;PTNT;PETTENATI   ;Null;Null;
Consumo Cíclico;Tecidos, Vestuário e Calçados;Fios e Tecidos;CTSA;SANTANENSE  ;Null;Null;
Consumo Cíclico;Tecidos, Vestuário e Calçados;Fios e Tecidos;SGPS;SPRINGS     ;NM;(NM) Novo Mercado;
Consumo Cíclico;Tecidos, Vestuário e Calçados;Fios e Tecidos;TEKA;TEKA        ;Null;Null;
Consumo Cíclico;Tecidos, Vestuário e Calçados;Fios e Tecidos;TXRX;TEX RENAUX  ;Null;Null;
Consumo Cíclico;Tecidos, Vestuário e Calçados;Vestuário;HGTX;CIA HERING  ;NM;(NM) Novo Mercado;
Consumo Cíclico;Tecidos, Vestuário e Calçados;Vestuário;TFCO;TRACK FIELD;N2;(N2) Nível 2 de Governança Corporativa;
Consumo Cíclico;Tecidos, Vestuário e Calçados;Calçados;ALPA;ALPARGATAS  ;N1;(N1) Nível 1 de Governança Corporativa;
Consumo Cíclico;Tecidos, Vestuário e Calçados;Calçados;CAMB;CAMBUCI     ;Null;Null;
Consumo Cíclico;Tecidos, Vestuário e Calçados;Calçados;GRND;GRENDENE    ;NM;(NM) Novo Mercado;
Consumo Cíclico;Tecidos, Vestuário e Calçados;Calçados;VULC;VULCABRAS   ;NM;(NM) Novo Mercado;
Consumo Cíclico;Tecidos, Vestuário e Calçados;Acessórios;MNDL;MUNDIAL     ;Null;Null;
Consumo Cíclico;Tecidos, Vestuário e Calçados;Acessórios;TECN;TECHNOS     ;NM;(NM) Novo Mercado;
Consumo Cíclico;Tecidos, Vestuário e Calçados;Acessórios;VIVA;VIVARA S.A.;NM;(NM) Novo Mercado;
Consumo Cíclico;Utilidades Domésticas;Eletrodomésticos;WHRL;WHIRLPOOL   ;Null;Null;
Consumo Cíclico;Utilidades Domésticas;Móveis;UCAS;UNICASA;NM;(NM) Novo Mercado;
Consumo Cíclico;Utilidades Domésticas;Utensílios Domésticos;HETA;HERCULES    ;Null;Null;
Consumo Cíclico;Automóveis e Motocicletas;Automóveis e Motocicletas;MYPK;IOCHP-MAXION;NM;(NM) Novo Mercado;
Consumo Cíclico;Automóveis e Motocicletas;Automóveis e Motocicletas;LEVE;METAL LEVE  ;NM;(NM) Novo Mercado;
Consumo Cíclico;Automóveis e Motocicletas;Automóveis e Motocicletas;PLAS;PLASCAR PART;Null;Null;
Consumo Cíclico;Hoteis e Restaurantes;Hotelaria;HOOT;HOTEIS OTHON;Null;Null;
Consumo Cíclico;Hoteis e Restaurantes;Restaurante e Similares;BKBR;BK BRASIL;NM;(NM) Novo Mercado;
Consumo Cíclico;Hoteis e Restaurantes;Restaurante e Similares;MEAL;IMC S/A;NM;(NM) Novo Mercado;
Consumo Cíclico;Viagens e Lazer;Bicicletas;BMKS;BIC MONARK  ;Null;Null;
Consumo Cíclico;Viagens e Lazer;Brinquedos e Jogos;ESTR;ESTRELA     ;Null;Null;
Consumo Cíclico;Viagens e Lazer;Produção de Eventos e Shows;AHEB;SPTURIS     ;Null;Null;
Consumo Cíclico;Viagens e Lazer;Produção de Eventos e Shows;SHOW;TIME FOR FUN;NM;(NM) Novo Mercado;
Consumo Cíclico;Viagens e Lazer;Viagens e Turismo;CVCB;CVC BRASIL;NM;(NM) Novo Mercado;
Consumo Cíclico;Viagens e Lazer;Atividades Esportivas;SMFT;SMART FIT;M2;(M2) Bovespa Mais - Nível 2;
Consumo Cíclico;Diversos;Serviços Educacionais;ANIM;ANIMA;NM;(NM) Novo Mercado;
Consumo Cíclico;Diversos;Serviços Educacionais;BAHI;BAHEMA      ;MA;(MA) Bovespa Mais;
Consumo Cíclico;Diversos;Serviços Educacionais;COGN;COGNA ON;NM;(NM) Novo Mercado;
Consumo Cíclico;Diversos;Serviços Educacionais;CSED;CRUZEIRO EDU;NM;(NM) Novo Mercado;
Consumo Cíclico;Diversos;Serviços Educacionais;SEER;SER EDUCA;NM;(NM) Novo Mercado;
Consumo Cíclico;Diversos;Serviços Educacionais;YDUQ;YDUQS PART;NM;(NM) Novo Mercado;
Consumo Cíclico;Diversos;Aluguel de carros;RENT;LOCALIZA    ;NM;(NM) Novo Mercado;
Consumo Cíclico;Diversos;Aluguel de carros;LCAM;LOCAMERICA;NM;(NM) Novo Mercado;
Consumo Cíclico;Diversos;Aluguel de carros;MSRO;MAESTROLOC;M2;(M2) Bovespa Mais - Nível 2;
Consumo Cíclico;Diversos;Aluguel de carros;MOVI;MOVIDA;NM;(NM) Novo Mercado;
Consumo Cíclico;Diversos;Aluguel de carros;UNID;UNIDAS      ;Null;Null;
Consumo Cíclico;Diversos;Aluguel de carros;VAMO;VAMOS;NM;(NM) Novo Mercado;
Consumo Cíclico;Diversos;Programas de Fidelização;DOTZ;DOTZ SA;NM;(NM) Novo Mercado;
Consumo Cíclico;Diversos;Programas de Fidelização;SMLS;SMILES;NM;(NM) Novo Mercado;
Consumo Cíclico;Comércio;Tecidos, Vestuário e Calçados;ARZZ;AREZZO CO   ;NM;(NM) Novo Mercado;
Consumo Cíclico;Comércio;Tecidos, Vestuário e Calçados;CEAB;CEA MODAS;NM;(NM) Novo Mercado;
Consumo Cíclico;Comércio;Tecidos, Vestuário e Calçados;CGRA;GRAZZIOTIN  ;Null;Null;
Consumo Cíclico;Comércio;Tecidos, Vestuário e Calçados;SOMA;GRUPO SOMA;NM;(NM) Novo Mercado;
Consumo Cíclico;Comércio;Tecidos, Vestuário e Calçados;GUAR;GUARARAPES  ;Null;Null;
Consumo Cíclico;Comércio;Tecidos, Vestuário e Calçados;LLIS;LE LIS BLANC;NM;(NM) Novo Mercado;
Consumo Cíclico;Comércio;Tecidos, Vestuário e Calçados;AMAR;LOJAS MARISA;NM;(NM) Novo Mercado;
Consumo Cíclico;Comércio;Tecidos, Vestuário e Calçados;LREN;LOJAS RENNER;NM;(NM) Novo Mercado;
Consumo Cíclico;Comércio;Tecidos, Vestuário e Calçados;SBFG;Centauro;NM;(NM) Novo Mercado;
Consumo Cíclico;Comércio;Eletrodomésticos;ALLD;ALLIED;NM;(NM) Novo Mercado;
Consumo Cíclico;Comércio;Eletrodomésticos;MGLU;MAGAZ LUIZA ;NM;(NM) Novo Mercado;
Consumo Cíclico;Comércio;Eletrodomésticos;VVAR;VIAVAREJO;NM;(NM) Novo Mercado;
Consumo Cíclico;Comércio;Produtos Diversos;BTOW;B2W DIGITAL;NM;(NM) Novo Mercado;
Consumo Cíclico;Comércio;Produtos Diversos;CNTO;CENTAURO;NM;(NM) Novo Mercado;
Consumo Cíclico;Comércio;Produtos Diversos;ESPA;ESPACOLASER;NM;(NM) Novo Mercado;
Consumo Cíclico;Comércio;Produtos Diversos;LAME;LOJAS AMERIC;N1;(N1) Nível 1 de Governança Corporativa;
Consumo Cíclico;Comércio;Produtos Diversos;PETZ;PETZ;NM;(NM) Novo Mercado;
Consumo Cíclico;Comércio;Produtos Diversos;LJQQ;QUERO-QUERO;NM;(NM) Novo Mercado;
Consumo Cíclico;Comércio;Produtos Diversos;SLED;SARAIVA LIVR;N2;(N2) Nível 2 de Governança Corporativa;
Saúde;Medicamentos e Outros Produtos;Medicamentos e Outros Produtos;BIOM;BIOMM       ;MA;(MA) Bovespa Mais;
Saúde;Medicamentos e Outros Produtos;Medicamentos e Outros Produtos;NRTQ;NORTCQUIMICA;MA;(MA) Bovespa Mais;
Saúde;Medicamentos e Outros Produtos;Medicamentos e Outros Produtos;OFSA;OUROFINO S/A;NM;(NM) Novo Mercado;
Saúde;Medicamentos e Outros Produtos;Medicamentos e Outros Produtos;GBIO;Biotoscana;DR3;(DR3) BDR Nível 3;
Saúde;Serviços Médico - Hospitalares, Análises e Diagnósticos;Serviços Médico - Hospitalares, Análises e Diagnósticos;AALR;ALLIAR;NM;(NM) Novo Mercado;
Saúde;Serviços Médico - Hospitalares, Análises e Diagnósticos;Serviços Médico - Hospitalares, Análises e Diagnósticos;DASA;DASA        ;Null;Null;
Saúde;Serviços Médico - Hospitalares, Análises e Diagnósticos;Serviços Médico - Hospitalares, Análises e Diagnósticos;FLRY;FLEURY      ;NM;(NM) Novo Mercado;
Saúde;Serviços Médico - Hospitalares, Análises e Diagnósticos;Serviços Médico - Hospitalares, Análises e Diagnósticos;HAPV;HAPVIDA;NM;(NM) Novo Mercado;
Saúde;Serviços Médico - Hospitalares, Análises e Diagnósticos;Serviços Médico - Hospitalares, Análises e Diagnósticos;PARD;IHPARDINI;NM;(NM) Novo Mercado;
Saúde;Serviços Médico - Hospitalares, Análises e Diagnósticos;Serviços Médico - Hospitalares, Análises e Diagnósticos;GNDI;INTERMEDICA;NM;(NM) Novo Mercado;
Saúde;Serviços Médico - Hospitalares, Análises e Diagnósticos;Serviços Médico - Hospitalares, Análises e Diagnósticos;MATD;MATER DEI;NM;(NM) Novo Mercado;
Saúde;Serviços Médico - Hospitalares, Análises e Diagnósticos;Serviços Médico - Hospitalares, Análises e Diagnósticos;ODPV;ODONTOPREV  ;NM;(NM) Novo Mercado;
Saúde;Serviços Médico - Hospitalares, Análises e Diagnósticos;Serviços Médico - Hospitalares, Análises e Diagnósticos;QUAL;QUALICORP   ;NM;(NM) Novo Mercado;
Saúde;Serviços Médico - Hospitalares, Análises e Diagnósticos;Serviços Médico - Hospitalares, Análises e Diagnósticos;RDOR;REDE D OR;NM;(NM) Novo Mercado;
Saúde;Equipamentos;Equipamentos;BALM;BAUMER      ;Null;Null;
Saúde;Equipamentos;Equipamentos;LMED;LIFEMED;MA;(MA) Bovespa Mais;
Saúde;Comércio e Distribuição;Medicamentos e Outros Produtos;BLAU;BLAU;NM;(NM) Novo Mercado;
Saúde;Comércio e Distribuição;Medicamentos e Outros Produtos;PNVL;DIMED       ;Null;Null;
Saúde;Comércio e Distribuição;Medicamentos e Outros Produtos;DMVF;D1000VFARMA;NM;(NM) Novo Mercado;
Saúde;Comércio e Distribuição;Medicamentos e Outros Produtos;HYPE;HYPERA;NM;(NM) Novo Mercado;
Saúde;Comércio e Distribuição;Medicamentos e Outros Produtos;PGMN;PAGUE MENOS;NM;(NM) Novo Mercado;
Saúde;Comércio e Distribuição;Medicamentos e Outros Produtos;PFRM;PROFARMA    ;NM;(NM) Novo Mercado;
Saúde;Comércio e Distribuição;Medicamentos e Outros Produtos;RADL;RAIADROGASIL    ;NM;(NM) Novo Mercado;
Tecnologia da Informação;Computadores e Equipamentos;Computadores e Equipamentos;INTB;INTELBRAS;NM;(NM) Novo Mercado;
Tecnologia da Informação;Computadores e Equipamentos;Computadores e Equipamentos;POSI;POSITIVO TEC;NM;(NM) Novo Mercado;
Tecnologia da Informação;Programas e Serviços;Programas e Serviços;BMOB;BEMOBI TECH;NM;(NM) Novo Mercado;
Tecnologia da Informação;Programas e Serviços;Programas e Serviços;BRQB;BRQ;MA;(MA) Bovespa Mais;
Tecnologia da Informação;Programas e Serviços;Programas e Serviços;ENJU;ENJOEI;NM;(NM) Novo Mercado;
Tecnologia da Informação;Programas e Serviços;Programas e Serviços;NINJ;GETNINJAS;NM;(NM) Novo Mercado;
Tecnologia da Informação;Programas e Serviços;Programas e Serviços;IFCM;INFRACOMM;NM;(NM) Novo Mercado;
Tecnologia da Informação;Programas e Serviços;Programas e Serviços;LINX;LINX;NM;(NM) Novo Mercado;
Tecnologia da Informação;Programas e Serviços;Programas e Serviços;LWSA;LOCAWEB;NM;(NM) Novo Mercado;
Tecnologia da Informação;Programas e Serviços;Programas e Serviços;CASH;MELIUZ;NM;(NM) Novo Mercado;
Tecnologia da Informação;Programas e Serviços;Programas e Serviços;MBLY;MOBLY;NM;(NM) Novo Mercado;
Tecnologia da Informação;Programas e Serviços;Programas e Serviços;MOSI;MOSAICO;NM;(NM) Novo Mercado;
Tecnologia da Informação;Programas e Serviços;Programas e Serviços;NGRD;NEOGRID;NM;(NM) Novo Mercado;
Tecnologia da Informação;Programas e Serviços;Programas e Serviços;QUSW;QUALITY SOFT;MA;(MA) Bovespa Mais;
Tecnologia da Informação;Programas e Serviços;Programas e Serviços;SQIA;SINQIA;NM;(NM) Novo Mercado;
Tecnologia da Informação;Programas e Serviços;Programas e Serviços;TOTS;TOTVS       ;NM;(NM) Novo Mercado;
Tecnologia da Informação;Programas e Serviços;Programas e Serviços;WEST;WESTWING;NM;(NM) Novo Mercado;
Comunicações;Telecomunicações;Telecomunicações;ALGT;ALGAR TELEC;Null;Null;
Comunicações;Telecomunicações;Telecomunicações;OIBR;OI;N1;(N1) Nível 1 de Governança Corporativa;
Comunicações;Telecomunicações;Telecomunicações;TELB;TELEBRAS    ;Null;Null;
Comunicações;Telecomunicações;Telecomunicações;VIVT;TELEF BRASIL;Null;Null;
Comunicações;Telecomunicações;Telecomunicações;TIMS;TIM;NM;(NM) Novo Mercado;
Comunicações;Mídia;Produção e Difusão de Filmes e Programas;CNSY;CINESYSTEM;MA;(MA) Bovespa Mais;
Comunicações;Mídia;Publicidade e Propaganda;ELMD;ELETROMIDIA;NM;(NM) Novo Mercado;
Utilidade Pública;Energia Elétrica;Energia Elétrica;AESB;AES BRASIL;NM;(NM) Novo Mercado;
Utilidade Pública;Energia Elétrica;Energia Elétrica;AESL;AES SUL     ;Null;Null;
Utilidade Pública;Energia Elétrica;Energia Elétrica;AFLT;AFLUENTE T  ;Null;Null;
Utilidade Pública;Energia Elétrica;Energia Elétrica;ALUP;ALUPAR;N2;(N2) Nível 2 de Governança Corporativa;
Utilidade Pública;Energia Elétrica;Energia Elétrica;CBEE;AMPLA ENERG ;Null;Null;
Utilidade Pública;Energia Elétrica;Energia Elétrica;CPTE;CACHOEIRA;MB;(MB) Balcão Organizado Tradicional;
Utilidade Pública;Energia Elétrica;Energia Elétrica;CEBR;CEB         ;Null;Null;
Utilidade Pública;Energia Elétrica;Energia Elétrica;CEED;CEEE-D      ;N1;(N1) Nível 1 de Governança Corporativa;
Utilidade Pública;Energia Elétrica;Energia Elétrica;EEEL;CEEE-GT     ;N1;(N1) Nível 1 de Governança Corporativa;
Utilidade Pública;Energia Elétrica;Energia Elétrica;CLSC;CELESC      ;N2;(N2) Nível 2 de Governança Corporativa;
Utilidade Pública;Energia Elétrica;Energia Elétrica;GPAR;CELGPAR     ;Null;Null;
Utilidade Pública;Energia Elétrica;Energia Elétrica;CEPE;CELPE       ;Null;Null;
Utilidade Pública;Energia Elétrica;Energia Elétrica;CMIG;CEMIG       ;N1;(N1) Nível 1 de Governança Corporativa;
Utilidade Pública;Energia Elétrica;Energia Elétrica;CMGD;CEMIG DIST  ;Null;Null;
Utilidade Pública;Energia Elétrica;Energia Elétrica;CMGT;CEMIG GT    ;Null;Null;
Utilidade Pública;Energia Elétrica;Energia Elétrica;CESP;CESP        ;N1;(N1) Nível 1 de Governança Corporativa;
Utilidade Pública;Energia Elétrica;Energia Elétrica;CEEB;COELBA      ;Null;Null;
Utilidade Pública;Energia Elétrica;Energia Elétrica;COCE;COELCE      ;Null;Null;
Utilidade Pública;Energia Elétrica;Energia Elétrica;CPLE;COPEL       ;N1;(N1) Nível 1 de Governança Corporativa;
Utilidade Pública;Energia Elétrica;Energia Elétrica;CSRN;COSERN      ;Null;Null;
Utilidade Pública;Energia Elétrica;Energia Elétrica;CPFE;CPFL ENERGIA;NM;(NM) Novo Mercado;
Utilidade Pública;Energia Elétrica;Energia Elétrica;CPFG;CPFL GERACAO;Null;Null;
Utilidade Pública;Energia Elétrica;Energia Elétrica;CPFP;CPFL PIRATIN;Null;Null;
Utilidade Pública;Energia Elétrica;Energia Elétrica;CPRE;CPFL RENOVAV;Null;Null;
Utilidade Pública;Energia Elétrica;Energia Elétrica;EBEN;EBE         ;Null;Null;
Utilidade Pública;Energia Elétrica;Energia Elétrica;EKTR;ELEKTRO     ;Null;Null;
Utilidade Pública;Energia Elétrica;Energia Elétrica;ELET;ELETROBRAS  ;N1;(N1) Nível 1 de Governança Corporativa;
Utilidade Pública;Energia Elétrica;Energia Elétrica;LIPR;ELETROPAR   ;Null;Null;
Utilidade Pública;Energia Elétrica;Energia Elétrica;EMAE;EMAE        ;Null;Null;
Utilidade Pública;Energia Elétrica;Energia Elétrica;ENBR;ENERGIAS BR ;NM;(NM) Novo Mercado;
Utilidade Pública;Energia Elétrica;Energia Elétrica;ENGI;ENERGISA    ;N2;(N2) Nível 2 de Governança Corporativa;
Utilidade Pública;Energia Elétrica;Energia Elétrica;ENMT;ENERGISA MT;Null;Null;
Utilidade Pública;Energia Elétrica;Energia Elétrica;ENER;ENERSUL     ;Null;Null;
Utilidade Pública;Energia Elétrica;Energia Elétrica;ENEV;ENEVA;NM;(NM) Novo Mercado;
Utilidade Pública;Energia Elétrica;Energia Elétrica;EGIE;ENGIE BRASIL;NM;(NM) Novo Mercado;
Utilidade Pública;Energia Elétrica;Energia Elétrica;EQPA;EQTL PARA;Null;Null;
Utilidade Pública;Energia Elétrica;Energia Elétrica;EQMA;EQTLMARANHAO;MB;(MB) Balcão Organizado Tradicional;
Utilidade Pública;Energia Elétrica;Energia Elétrica;EQTL;EQUATORIAL  ;NM;(NM) Novo Mercado;
Utilidade Pública;Energia Elétrica;Energia Elétrica;ESCE;ESCELSA     ;Null;Null;
Utilidade Pública;Energia Elétrica;Energia Elétrica;FGEN;FGENERGIA;Null;Null;
Utilidade Pública;Energia Elétrica;Energia Elétrica;POWE;FOCUS ON;NM;(NM) Novo Mercado;
Utilidade Pública;Energia Elétrica;Energia Elétrica;GEPA;GER PARANAP ;Null;Null;
Utilidade Pública;Energia Elétrica;Energia Elétrica;ITPB;ITAPEBI     ;Null;Null;
Utilidade Pública;Energia Elétrica;Energia Elétrica;LIGH;LIGHT       ;Null;Null;
Utilidade Pública;Energia Elétrica;Energia Elétrica;LIGT;LIGHT S/A   ;NM;(NM) Novo Mercado;
Utilidade Pública;Energia Elétrica;Energia Elétrica;NEOE;NEOENERGIA  ;NM;(NM) Novo Mercado;
Utilidade Pública;Energia Elétrica;Energia Elétrica;OMGE;OMEGA GER;NM;(NM) Novo Mercado;
Utilidade Pública;Energia Elétrica;Energia Elétrica;PALF;PAUL F LUZ  ;Null;Null;
Utilidade Pública;Energia Elétrica;Energia Elétrica;PRMN;PROMAN      ;MB;(MB) Balcão Organizado Tradicional;
Utilidade Pública;Energia Elétrica;Energia Elétrica;REDE;REDE ENERGIA;Null;Null;
Utilidade Pública;Energia Elétrica;Energia Elétrica;RNEW;RENOVA      ;N2;(N2) Nível 2 de Governança Corporativa;
Utilidade Pública;Energia Elétrica;Energia Elétrica;STKF;STATKRAFT;Null;Null;
Utilidade Pública;Energia Elétrica;Energia Elétrica;STEN;STO ANTONIO;Null;Null;
Utilidade Pública;Energia Elétrica;Energia Elétrica;TIET;AES Tiete;N2;(N2) Nível 2 de Governança Corporativa;
Utilidade Pública;Energia Elétrica;Energia Elétrica;TAEE;TAESA       ;N2;(N2) Nível 2 de Governança Corporativa;
Utilidade Pública;Energia Elétrica;Energia Elétrica;TMPE;TERMOPE     ;Null;Null;
Utilidade Pública;Energia Elétrica;Energia Elétrica;TEPE;TERM. PE III;Null;Null;
Utilidade Pública;Energia Elétrica;Energia Elétrica;TRPL;TRAN PAULIST;N1;(N1) Nível 1 de Governança Corporativa;
Utilidade Pública;Energia Elétrica;Energia Elétrica;UPKP;UPTICK      ;MB;(MB) Balcão Organizado Tradicional;
Utilidade Pública;Água e Saneamento;Água e Saneamento;AMBP;AMBIPAR;NM;(NM) Novo Mercado;
Utilidade Pública;Água e Saneamento;Água e Saneamento;CASN;CASAN       ;Null;Null;
Utilidade Pública;Água e Saneamento;Água e Saneamento;CSMG;COPASA      ;NM;(NM) Novo Mercado;
Utilidade Pública;Água e Saneamento;Água e Saneamento;IGSN;IGUA SA  ;MA;(MA) Bovespa Mais;
Utilidade Pública;Água e Saneamento;Água e Saneamento;ORVR;ORIZON;NM;(NM) Novo Mercado;
Utilidade Pública;Água e Saneamento;Água e Saneamento;SBSP;SABESP      ;NM;(NM) Novo Mercado;
Utilidade Pública;Água e Saneamento;Água e Saneamento;SAPR;SANEPAR     ;N2;(N2) Nível 2 de Governança Corporativa;
Utilidade Pública;Água e Saneamento;Água e Saneamento;SNST;SANESALTO   ;Null;Null;
Utilidade Pública;Gás;Gás;CEGR;CEG         ;Null;Null;
Utilidade Pública;Gás;Gás;CGAS;COMGAS      ;Null;Null;
Financeiro;Intermediários Financeiros;Bancos;ABCB;ABC BRASIL  ;N2;(N2) Nível 2 de Governança Corporativa;
Financeiro;Intermediários Financeiros;Bancos;RPAD;ALFA HOLDING;Null;Null;
Financeiro;Intermediários Financeiros;Bancos;BRIV;ALFA INVEST ;Null;Null;
Financeiro;Intermediários Financeiros;Bancos;BAZA;AMAZONIA    ;Null;Null;
Financeiro;Intermediários Financeiros;Bancos;BMGB;BANCO BMG;N1;(N1) Nível 1 de Governança Corporativa;
Financeiro;Intermediários Financeiros;Bancos;BIDI;BANCO INTER;N2;(N2) Nível 2 de Governança Corporativa;
Financeiro;Intermediários Financeiros;Bancos;BPAN;BANCO PAN;N1;(N1) Nível 1 de Governança Corporativa;
Financeiro;Intermediários Financeiros;Bancos;BGIP;BANESE      ;Null;Null;
Financeiro;Intermediários Financeiros;Bancos;BEES;BANESTES    ;Null;Null;
Financeiro;Intermediários Financeiros;Bancos;BPAR;BANPARA     ;Null;Null;
Financeiro;Intermediários Financeiros;Bancos;BRSR;BANRISUL    ;N1;(N1) Nível 1 de Governança Corporativa;
Financeiro;Intermediários Financeiros;Bancos;BBDC;BRADESCO    ;N1;(N1) Nível 1 de Governança Corporativa;
Financeiro;Intermediários Financeiros;Bancos;BBAS;BRASIL      ;NM;(NM) Novo Mercado;
Financeiro;Intermediários Financeiros;Bancos;BSLI;BRB BANCO   ;Null;Null;
Financeiro;Intermediários Financeiros;Bancos;BPAC;BTGP BANCO;Null;Null;
Financeiro;Intermediários Financeiros;Bancos;ITSA;ITAUSA      ;N1;(N1) Nível 1 de Governança Corporativa;
Financeiro;Intermediários Financeiros;Bancos;ITUB;ITAUUNIBANCO;N1;(N1) Nível 1 de Governança Corporativa;
Financeiro;Intermediários Financeiros;Bancos;BMEB;MERC BRASIL ;Null;Null;
Financeiro;Intermediários Financeiros;Bancos;BMIN;MERC INVEST ;Null;Null;
Financeiro;Intermediários Financeiros;Bancos;MODL;MODALMAIS;N2;(N2) Nível 2 de Governança Corporativa;
Financeiro;Intermediários Financeiros;Bancos;BNBR;NORD BRASIL ;Null;Null;
Financeiro;Intermediários Financeiros;Bancos;PRBC;PARANA      ;Null;Null;
Financeiro;Intermediários Financeiros;Bancos;PINE;PINE        ;N2;(N2) Nível 2 de Governança Corporativa;
Financeiro;Intermediários Financeiros;Bancos;SANB;SANTANDER BR;Null;Null;
Financeiro;Intermediários Financeiros;Bancos;IDVL;Banco Indusval;N2;(N2) Nível 2 de Governança Corporativa;
Financeiro;Intermediários Financeiros;Soc. Crédito e Financiamento;CRIV;ALFA FINANC ;Null;Null;
Financeiro;Intermediários Financeiros;Soc. Crédito e Financiamento;FNCN;FINANSINOS  ;Null;Null;
Financeiro;Intermediários Financeiros;Soc. Crédito e Financiamento;MERC;MERC FINANC ;Null;Null;
Financeiro;Intermediários Financeiros;Soc. Arrendamento Mercantil;BDLS;BRADESCO LSG;Null;Null;
Financeiro;Intermediários Financeiros;Soc. Arrendamento Mercantil;DBEN;DIBENS LSG  ;Null;Null;
Financeiro;Securitizadoras de Recebíveis;Securitizadoras de Recebíveis;BZRS;BRAZIL REALT;Null;Null;
Financeiro;Securitizadoras de Recebíveis;Securitizadoras de Recebíveis;BSCS;BRAZILIAN SC;Null;Null;
Financeiro;Securitizadoras de Recebíveis;Securitizadoras de Recebíveis;WTVR;BRPR 56 SEC;Null;Null;
Financeiro;Securitizadoras de Recebíveis;Securitizadoras de Recebíveis;CBSC;CIBRASEC;Null;Null;
Financeiro;Securitizadoras de Recebíveis;Securitizadoras de Recebíveis;ECOA;ECO SEC AGRO;MB;(MB) Balcão Organizado Tradicional;
Financeiro;Securitizadoras de Recebíveis;Securitizadoras de Recebíveis;GAFL;GAIA AGRO   ;Null;Null;
Financeiro;Securitizadoras de Recebíveis;Securitizadoras de Recebíveis;GAIA;GAIA SECURIT;MB;(MB) Balcão Organizado Tradicional;
Financeiro;Securitizadoras de Recebíveis;Securitizadoras de Recebíveis;OCTS;OCTANTE SEC;Null;Null;
Financeiro;Securitizadoras de Recebíveis;Securitizadoras de Recebíveis;PDGS;PDG SECURIT ;Null;Null;
Financeiro;Securitizadoras de Recebíveis;Securitizadoras de Recebíveis;PLSC;POLO CAP SEC;Null;Null;
Financeiro;Securitizadoras de Recebíveis;Securitizadoras de Recebíveis;RBRA;RBCAPITALRES;MB;(MB) Balcão Organizado Tradicional;
Financeiro;Securitizadoras de Recebíveis;Securitizadoras de Recebíveis;APCS;TRUESEC;Null;Null;
Financeiro;Securitizadoras de Recebíveis;Securitizadoras de Recebíveis;VERT;VERTCIASEC;Null;Null;
Financeiro;Securitizadoras de Recebíveis;Securitizadoras de Recebíveis;WTPI;WTORRE PIC  ;Null;Null;
Financeiro;Serviços Financeiros Diversos;Gestão de Recursos e Investimentos;BNDP;BNDESPAR    ;MB;(MB) Balcão Organizado Tradicional;
Financeiro;Serviços Financeiros Diversos;Gestão de Recursos e Investimentos;BFRE;BRAZILIAN FR;Null;Null;
Financeiro;Serviços Financeiros Diversos;Gestão de Recursos e Investimentos;G2DI;G2D INVEST;Null;Null;
Financeiro;Serviços Financeiros Diversos;Gestão de Recursos e Investimentos;GPIV;GP INVEST   ;DR3;(DR3) BDR Nível 3;
Financeiro;Serviços Financeiros Diversos;Gestão de Recursos e Investimentos;PDTC;PADTEC;NM;(NM) Novo Mercado;
Financeiro;Serviços Financeiros Diversos;Gestão de Recursos e Investimentos;PPLA;PPLA;DR3;(DR3) BDR Nível 3;
Financeiro;Serviços Financeiros Diversos;Serviços Financeiros Diversos;B3SA;B3 ;NM;(NM) Novo Mercado;
Financeiro;Serviços Financeiros Diversos;Serviços Financeiros Diversos;BOAS;BOA VISTA;NM;(NM) Novo Mercado;
Financeiro;Serviços Financeiros Diversos;Serviços Financeiros Diversos;CIEL;CIELO       ;NM;(NM) Novo Mercado;
Financeiro;Serviços Financeiros Diversos;Serviços Financeiros Diversos;CARD;CSU CARDSYST;NM;(NM) Novo Mercado;
Financeiro;Previdência e Seguros;Seguradoras;BRGE;ALFA CONSORC;Null;Null;
Financeiro;Previdência e Seguros;Seguradoras;BBSE;BBSEGURIDADE;NM;(NM) Novo Mercado;
Financeiro;Previdência e Seguros;Seguradoras;CXSE;CAIXA SEGURI;NM;(NM) Novo Mercado;
Financeiro;Previdência e Seguros;Seguradoras;IRBR;IRBBRASIL RE;NM;(NM) Novo Mercado;
Financeiro;Previdência e Seguros;Seguradoras;PSSA;PORTO SEGURO;NM;(NM) Novo Mercado;
Financeiro;Previdência e Seguros;Seguradoras;CSAB;SEG AL BAHIA;Null;Null;
Financeiro;Previdência e Seguros;Seguradoras;SULA;SUL AMERICA ;N2;(N2) Nível 2 de Governança Corporativa;
Financeiro;Previdência e Seguros;Corretoras de Seguros;APER;ALPER S.A.;NM;(NM) Novo Mercado;
Financeiro;Previdência e Seguros;Corretoras de Seguros;WIZS;WIZ S.A.;NM;(NM) Novo Mercado;
Financeiro;Exploração de Imóveis;Exploração de Imóveis;ALSO;ALIANSCSONAE;NM;(NM) Novo Mercado;
Financeiro;Exploração de Imóveis;Exploração de Imóveis;BRML;BR MALLS PAR;NM;(NM) Novo Mercado;
Financeiro;Exploração de Imóveis;Exploração de Imóveis;BRPR;BR PROPERT  ;NM;(NM) Novo Mercado;
Financeiro;Exploração de Imóveis;Exploração de Imóveis;CORR;COR RIBEIRO ;Null;Null;
Financeiro;Exploração de Imóveis;Exploração de Imóveis;CCPR;CYRE COM-CCP;NM;(NM) Novo Mercado;
Financeiro;Exploração de Imóveis;Exploração de Imóveis;GSHP;GENERALSHOPP;NM;(NM) Novo Mercado;
Financeiro;Exploração de Imóveis;Exploração de Imóveis;HBTS;HABITASUL   ;Null;Null;
Financeiro;Exploração de Imóveis;Exploração de Imóveis;HBRE;HBR REALTY;NM;(NM) Novo Mercado;
Financeiro;Exploração de Imóveis;Exploração de Imóveis;IGBR;IGB S/A     ;Null;Null;
Financeiro;Exploração de Imóveis;Exploração de Imóveis;IGTA;IGUATEMI    ;NM;(NM) Novo Mercado;
Financeiro;Exploração de Imóveis;Exploração de Imóveis;JPSA;JEREISSATI  ;Null;Null;
Financeiro;Exploração de Imóveis;Exploração de Imóveis;LOGG;LOG COM PROP;NM;(NM) Novo Mercado;
Financeiro;Exploração de Imóveis;Exploração de Imóveis;MNZC;MENEZES CORT;MB;(MB) Balcão Organizado Tradicional;
Financeiro;Exploração de Imóveis;Exploração de Imóveis;MULT;MULTIPLAN   ;N2;(N2) Nível 2 de Governança Corporativa;
Financeiro;Exploração de Imóveis;Exploração de Imóveis;SCAR;SAO CARLOS  ;NM;(NM) Novo Mercado;
Financeiro;Exploração de Imóveis;Intermediação Imobiliária;BBRK;BR BROKERS  ;NM;(NM) Novo Mercado;
Financeiro;Exploração de Imóveis;Intermediação Imobiliária;LPSB;LOPES BRASIL;NM;(NM) Novo Mercado;
Financeiro;Holdings Diversificadas;Holdings Diversificadas;MOAR;MONT ARANHA ;Null;Null;
Financeiro;Holdings Diversificadas;Holdings Diversificadas;PEAB;PAR AL BAHIA;Null;Null;
Financeiro;Holdings Diversificadas;Holdings Diversificadas;SIMH;SIMPAR;NM;(NM) Novo Mercado;
Financeiro;Outros Títulos;Outros Títulos;CTBA;CEPAC - CTBA;MB;(MB) Balcão Organizado Tradicional;
Financeiro;Outros Títulos;Outros Títulos;MCRJ;CEPAC - MCRJ;MB;(MB) Balcão Organizado Tradicional;
Financeiro;Outros Títulos;Outros Títulos;PMSP;CEPAC - PMSP;MB;(MB) Balcão Organizado Tradicional;
Outros;Outros;Outros;QVQP;524 PARTICIP;MB;(MB) Balcão Organizado Tradicional;
Outros;Outros;Outros;ALEF;ALEF S/A    ;MB;(MB) Balcão Organizado Tradicional;
Outros;Outros;Outros;ATOM;ATOMPAR;Null;Null;
Outros;Outros;Outros;BETP;BETAPART    ;MB;(MB) Balcão Organizado Tradicional;
Outros;Outros;Outros;CABI;CABINDA PART;MB;(MB) Balcão Organizado Tradicional;
Outros;Outros;Outros;CACO;CACONDE PART;MB;(MB) Balcão Organizado Tradicional;
Outros;Outros;Outros;MAPT;CEMEPE      ;Null;Null;
Outros;Outros;Outros;CMSA;CIMS        ;Null;Null;
Outros;Outros;Outros;OPGM;GAMA PART   ;MB;(MB) Balcão Organizado Tradicional;
Outros;Outros;Outros;FIGE;INVEST BEMGE;Null;Null;
Outros;Outros;Outros;JBDU;J B DUARTE  ;Null;Null;
Outros;Outros;Outros;MGIP;MGI PARTICIP;Null;Null;
Outros;Outros;Outros;OPHE;OPPORT ENERG;MB;(MB) Balcão Organizado Tradicional;
Outros;Outros;Outros;PPAR;POLPAR      ;Null;Null;
Outros;Outros;Outros;PRPT;PROMPT PART ;MB;(MB) Balcão Organizado Tradicional;
Outros;Outros;Outros;OPSE;SUDESTE S/A ;MB;(MB) Balcão Organizado Tradicional;
Outros;Outros;Outros;OPTS;SUL 116 PART;MB;(MB) Balcão Organizado Tradicional;